Name,Date,Location,Type,Region,Weather
Kate Alice Marshall,1/22/2024 |  Elliott Bay Book Company, Elliott Bay Book Company,Readings & Lectures,Capitol Hill / Central District,"Rain likely. Mostly cloudy, with a high near 48. Southeast wind around 7 mph. Chance of precipitation is 70%. New rainfall amounts less than a tenth of an inch possible."
Machine Head,1/22/2024 |  The Showbox, The Showbox,Music,Downtown,"Rain likely. Mostly cloudy, with a high near 48. Southeast wind around 7 mph. Chance of precipitation is 70%. New rainfall amounts less than a tenth of an inch possible."
Silent Movie Mondays – Safety Last,1/22/2024 |  The Paramount Theatre, The Paramount Theatre,Film & Media Arts,Downtown,"Sunny. High near 35, with temperatures falling to around 32 in the afternoon. Wind chill values as low as 11. West wind 5 to 12 mph."
Life on Thin Ice | National Geographic Live,1/22/2024 through 1/23/2024 |  Benaroya Hall, Benaroya Hall,Readings & Lectures,Downtown,"Rain likely. Mostly cloudy, with a high near 48. Southeast wind around 7 mph. Chance of precipitation is 70%. New rainfall amounts less than a tenth of an inch possible."
Buck Meek,1/23/2024 |  The Crocodile, The Crocodile,Music,Downtown,No forecast available
Curator Tour: Joseph A. Witt Winter Garden,1/23/2024 |  Washington Park Arboretum, Washington Park Arboretum,Tours & Attractions,University District,"Rain likely. Mostly cloudy, with a high near 48. Southeast wind around 7 mph. Chance of precipitation is 70%. New rainfall amounts less than a tenth of an inch possible."
Synthwave DJ Dance Party,1/23/2024 |  High Dive, High Dive,Music,Fremont / Ballard,"Areas of fog. Cloudy, with a high near 34. South southwest wind 7 to 15 mph, with gusts as high as 21 mph."
Wiley from Atlanta,1/23/2024 |  Funhouse, Funhouse,Music,Capitol Hill / Central District,"Mostly sunny, with a high near 32. Wind chill values as low as -1. Southwest wind 2 to 6 mph."
Winter Reverb,1/23/2024 |  Chop Suey, Chop Suey,Music,Capitol Hill / Central District,No forecast available
Tribute to John Williams,Now through 1/24/2024 |  Benaroya Hall, Benaroya Hall,Music,Downtown,"Rain likely. Mostly cloudy, with a high near 48. Southeast wind around 7 mph. Chance of precipitation is 70%. New rainfall amounts less than a tenth of an inch possible."
Lakecia Benjamin and Phoenix,1/23/2024 through 1/24/2024 |  Dimitriou's Jazz Alley, Dimitriou's Jazz Alley,Music,Downtown,"Rain likely. Mostly cloudy, with a high near 48. Southeast wind around 7 mph. Chance of precipitation is 70%. New rainfall amounts less than a tenth of an inch possible."
Corey Harper,1/24/2024 |  Barboza, Barboza,Music,Capitol Hill / Central District,No forecast available
DJ Shadow,1/24/2024 |  The Neptune Theatre, The Neptune Theatre,Music,University District,Location not found
Opera on Tap,1/24/2024 |  The Royal Room, The Royal Room,Music,South Seattle,"Rain showers after 11am. Mostly cloudy, with a high near 63. Southeast wind 3 to 7 mph. Chance of precipitation is 90%."
PBS – Peter Band Supreme,1/24/2024 |  Sea Monster Lounge, Sea Monster Lounge,Music,Wallingford / Greenlake,"Rain likely. Mostly cloudy. High near 48, with temperatures falling to around 46 in the afternoon. East southeast wind around 7 mph. Chance of precipitation is 70%. New rainfall amounts between a tenth and quarter of an inch possible."
Seattle Kraken vs. Chicago Blackhawks,1/24/2024 |  Climate Pledge Arena, Climate Pledge Arena,Sports,Queen Anne / Seattle Center,"Rain likely. Mostly cloudy. High near 48, with temperatures falling to around 46 in the afternoon. Southeast wind around 8 mph. Chance of precipitation is 70%. New rainfall amounts less than a tenth of an inch possible."
Silent Planet,1/24/2024 |  El Corazon, El Corazon,Music,Downtown,No forecast available
Stuff You Should Know,1/24/2024 |  The Paramount Theatre, The Paramount Theatre,Theatre,Downtown,"Sunny. High near 35, with temperatures falling to around 32 in the afternoon. Wind chill values as low as 11. West wind 5 to 12 mph."
The Cooking Gene,1/24/2024 |  Town Hall Seattle, Town Hall Seattle,Readings & Lectures,Downtown,"Rain likely. Mostly cloudy, with a high near 48. Southeast wind around 7 mph. Chance of precipitation is 70%. New rainfall amounts less than a tenth of an inch possible."
Aryana Leon,1/25/2024 |  Barboza, Barboza,Music,Capitol Hill / Central District,No forecast available
Colorworks,1/25/2024 |  Nectar Lounge, Nectar Lounge,Music,Fremont / Ballard,"Rain likely. Mostly cloudy, with a high near 47. Southeast wind around 8 mph. Chance of precipitation is 70%. New rainfall amounts between a tenth and quarter of an inch possible."
Dar Williams,1/25/2024 |  The Neptune Theatre, The Neptune Theatre,Music,University District,Location not found
Deb Perelman,1/25/2024 |  Town Hall Seattle, Town Hall Seattle,Readings & Lectures,Downtown,"Rain likely. Mostly cloudy, with a high near 48. Southeast wind around 7 mph. Chance of precipitation is 70%. New rainfall amounts less than a tenth of an inch possible."
Emanuel Brown,1/25/2024 |  Chop Suey, Chop Suey,Music,Capitol Hill / Central District,No forecast available
James Miles,1/25/2024 |  Town Hall Seattle, Town Hall Seattle,Readings & Lectures,Downtown,"Rain likely. Mostly cloudy, with a high near 48. Southeast wind around 7 mph. Chance of precipitation is 70%. New rainfall amounts less than a tenth of an inch possible."
Madeline Pendleton,1/25/2024 |  Elliott Bay Book Company, Elliott Bay Book Company,Readings & Lectures,Capitol Hill / Central District,"Rain likely. Mostly cloudy, with a high near 48. Southeast wind around 7 mph. Chance of precipitation is 70%. New rainfall amounts less than a tenth of an inch possible."
October London,1/25/2024 |  The Showbox, The Showbox,Music,Downtown,"Rain likely. Mostly cloudy, with a high near 48. Southeast wind around 7 mph. Chance of precipitation is 70%. New rainfall amounts less than a tenth of an inch possible."
Tacoma Stars vs. Empire Strykers,1/25/2024 |  accesso ShoWare Center, accesso ShoWare Center,Sports,South,"Rain likely. Mostly cloudy. High near 49, with temperatures falling to around 47 in the afternoon. East southeast wind around 7 mph. Chance of precipitation is 60%. New rainfall amounts less than a tenth of an inch possible."
Dungeons and Drag Queens,1/26/2024 |  The Crocodile, The Crocodile,Theatre,Downtown,"Rain likely. Mostly cloudy. High near 48, with temperatures falling to around 46 in the afternoon. Southeast wind around 8 mph. Chance of precipitation is 70%. New rainfall amounts less than a tenth of an inch possible."
Global Rhythms: Yungchen Lhamo,1/26/2024 |  Town Hall Seattle, Town Hall Seattle,Music,Downtown,"Rain likely. Mostly cloudy, with a high near 48. Southeast wind around 7 mph. Chance of precipitation is 70%. New rainfall amounts less than a tenth of an inch possible."
Harlem Globetrotters 2024 World Tour –,1/26/2024 |  accesso ShoWare Center, accesso ShoWare Center,Sports,South,"Rain likely. Mostly cloudy. High near 49, with temperatures falling to around 47 in the afternoon. East southeast wind around 7 mph. Chance of precipitation is 60%. New rainfall amounts less than a tenth of an inch possible."
Seattle Kraken vs. St. Louis Blues,1/26/2024 |  Climate Pledge Arena, Climate Pledge Arena,Sports,Queen Anne / Seattle Center,"Rain likely. Mostly cloudy. High near 48, with temperatures falling to around 46 in the afternoon. Southeast wind around 8 mph. Chance of precipitation is 70%. New rainfall amounts less than a tenth of an inch possible."
Shelf Nunny,1/26/2024 |  Barboza, Barboza,Music,Capitol Hill / Central District,No forecast available
Super Diamond – The Neil Diamond Tribute Band,1/26/2024 |  The Showbox, The Showbox,Music,Downtown,"Rain likely. Mostly cloudy, with a high near 48. Southeast wind around 7 mph. Chance of precipitation is 70%. New rainfall amounts less than a tenth of an inch possible."
The Disorderlies,1/26/2024 |  Slim's Last Chance, Slim's Last Chance,Music,South Seattle,"Rain likely. Mostly cloudy, with a high near 48. Southeast wind around 7 mph. Chance of precipitation is 70%. New rainfall amounts less than a tenth of an inch possible."
Compania Nacional de Danza,1/25/2024 through 1/27/2024 |  Meany Center for the Performing Arts, Meany Center for the Performing Arts,Dance,University District,Location not found
Metropolis,1/25/2024 through 1/27/2024 |  Benaroya Hall, Benaroya Hall,Music,Downtown,"Rain likely. Mostly cloudy, with a high near 48. Southeast wind around 7 mph. Chance of precipitation is 70%. New rainfall amounts less than a tenth of an inch possible."
Andy Coe Band,1/26/2024 through 1/27/2024 |  Nectar Lounge, Nectar Lounge,Music,Fremont / Ballard,"Rain likely. Mostly cloudy, with a high near 47. Southeast wind around 8 mph. Chance of precipitation is 70%. New rainfall amounts between a tenth and quarter of an inch possible."
Harlem Globetrotters,1/27/2024 |  Climate Pledge Arena, Climate Pledge Arena,Sports,Queen Anne / Seattle Center,"Rain likely. Mostly cloudy. High near 48, with temperatures falling to around 46 in the afternoon. Southeast wind around 8 mph. Chance of precipitation is 70%. New rainfall amounts less than a tenth of an inch possible."
Seattle Thunderbirds vs. Everett Silvertips,1/27/2024 |  accesso ShoWare Center, accesso ShoWare Center,Sports,South,"Rain likely. Mostly cloudy. High near 49, with temperatures falling to around 47 in the afternoon. East southeast wind around 7 mph. Chance of precipitation is 60%. New rainfall amounts less than a tenth of an inch possible."
The Budos Band,1/27/2024 |  The Showbox, The Showbox,Music,Downtown,"Rain likely. Mostly cloudy, with a high near 48. Southeast wind around 7 mph. Chance of precipitation is 70%. New rainfall amounts less than a tenth of an inch possible."
The Human Family,1/27/2024 |  Opera Center, Opera Center,Music,Queen Anne / Seattle Center,No forecast available
Steinunn Porarinsdottir: Wayfinders,Now through 1/28/2024 |  National Nordic Museum, National Nordic Museum,Museums,Fremont / Ballard,"Rain likely. Mostly cloudy. High near 48, with temperatures falling to around 46 in the afternoon. Southeast wind around 8 mph. Chance of precipitation is 70%. New rainfall amounts between a tenth and quarter of an inch possible."
Hanako O’Leary: Izanami,Now through 1/28/2024 |  Frye Art Museum, Frye Art Museum,Museums,Capitol Hill / Central District,"Rain likely. Mostly cloudy, with a high near 48. Southeast wind around 7 mph. Chance of precipitation is 70%. New rainfall amounts less than a tenth of an inch possible."
Gage Alumni Show,Now through 1/28/2024 |  Fountainhead Gallery, Fountainhead Gallery,Visual Arts & Galleries,Queen Anne / Seattle Center,"A slight chance of rain showers after 10am. Mostly cloudy, with a high near 69. East wind 10 to 15 mph, with gusts as high as 25 mph. Chance of precipitation is 20%."
Bohemia,Now through 1/28/2024 |  The Triple Door, The Triple Door,Theatre,Downtown,"Rain likely. Mostly cloudy, with a high near 48. Southeast wind around 7 mph. Chance of precipitation is 70%. New rainfall amounts less than a tenth of an inch possible."
Lee Ritenour and Dave Grusin,1/25/2024 through 1/28/2024 |  Dimitriou's Jazz Alley, Dimitriou's Jazz Alley,Music,Downtown,"Rain likely. Mostly cloudy, with a high near 48. Southeast wind around 7 mph. Chance of precipitation is 70%. New rainfall amounts less than a tenth of an inch possible."
Celebrate Asia,1/28/2024 |  Benaroya Hall, Benaroya Hall,Music,Downtown,"Rain likely. Mostly cloudy, with a high near 48. Southeast wind around 7 mph. Chance of precipitation is 70%. New rainfall amounts less than a tenth of an inch possible."
Family Day with Birds Connect Seattle,1/28/2024 |  National Nordic Museum, National Nordic Museum,Museums,Fremont / Ballard,"Rain likely. Mostly cloudy. High near 48, with temperatures falling to around 46 in the afternoon. Southeast wind around 8 mph. Chance of precipitation is 70%. New rainfall amounts between a tenth and quarter of an inch possible."
Seattle Kraken vs. Columbus Blue Jackets,1/28/2024 |  Climate Pledge Arena, Climate Pledge Arena,Sports,Queen Anne / Seattle Center,"Rain likely. Mostly cloudy. High near 48, with temperatures falling to around 46 in the afternoon. Southeast wind around 8 mph. Chance of precipitation is 70%. New rainfall amounts less than a tenth of an inch possible."
Tacoma Stars vs. San Diego Sockers,1/28/2024 |  accesso ShoWare Center, accesso ShoWare Center,Sports,South,"Rain likely. Mostly cloudy. High near 49, with temperatures falling to around 47 in the afternoon. East southeast wind around 7 mph. Chance of precipitation is 60%. New rainfall amounts less than a tenth of an inch possible."
Adira Sharkey,1/29/2024 |  Tractor Tavern, Tractor Tavern,Music,Fremont / Ballard,"Rain likely. Mostly cloudy. High near 48, with temperatures falling to around 46 in the afternoon. Southeast wind around 7 mph. Chance of precipitation is 70%. New rainfall amounts between a tenth and quarter of an inch possible."
"Car, The Garden",1/29/2024 |  The Crocodile, The Crocodile,Music,Downtown,"Rain likely. Mostly cloudy. High near 48, with temperatures falling to around 46 in the afternoon. Southeast wind around 8 mph. Chance of precipitation is 70%. New rainfall amounts less than a tenth of an inch possible."
Cheryl Wheeler,1/30/2024 |  The Triple Door, The Triple Door,Music,Downtown,"Rain likely. Mostly cloudy, with a high near 48. Southeast wind around 7 mph. Chance of precipitation is 70%. New rainfall amounts less than a tenth of an inch possible."
Giantish,1/30/2024 |  High Dive, High Dive,Music,Fremont / Ballard,"Areas of fog. Cloudy, with a high near 34. South southwest wind 7 to 15 mph, with gusts as high as 21 mph."
Seattle Thunderbirds vs. Prince George Cougars,1/30/2024 |  accesso ShoWare Center, accesso ShoWare Center,Sports,South,"Rain likely. Mostly cloudy. High near 49, with temperatures falling to around 47 in the afternoon. East southeast wind around 7 mph. Chance of precipitation is 60%. New rainfall amounts less than a tenth of an inch possible."
A/political Rocks,Now through 1/31/2024 |  Henry Art Gallery, Henry Art Gallery,Museums,University District,"Rain likely. Mostly cloudy, with a high near 48. Southeast wind around 7 mph. Chance of precipitation is 70%. New rainfall amounts less than a tenth of an inch possible."
Sophia Al-Maria,Now through 1/31/2024 |  Henry Art Gallery, Henry Art Gallery,Museums,University District,"Rain likely. Mostly cloudy, with a high near 48. Southeast wind around 7 mph. Chance of precipitation is 70%. New rainfall amounts less than a tenth of an inch possible."
Jahari Stampley,1/30/2024 through 1/31/2024 |  Dimitriou's Jazz Alley, Dimitriou's Jazz Alley,Music,Downtown,"Rain likely. Mostly cloudy, with a high near 48. Southeast wind around 7 mph. Chance of precipitation is 70%. New rainfall amounts less than a tenth of an inch possible."
FRAKTURED: Home of the Broken Beat,1/31/2024 |  High Dive, High Dive,Music,Fremont / Ballard,"Areas of fog. Cloudy, with a high near 34. South southwest wind 7 to 15 mph, with gusts as high as 21 mph."
G3- 25th Anniversary reunion,1/31/2024 |  The Moore Theatre, The Moore Theatre,Music,Downtown,No forecast available
JP Saxe,1/31/2024 |  The Showbox, The Showbox,Music,Downtown,"Rain likely. Mostly cloudy, with a high near 48. Southeast wind around 7 mph. Chance of precipitation is 70%. New rainfall amounts less than a tenth of an inch possible."
Los Lobos,1/31/2024 |  The Triple Door, The Triple Door,Music,Downtown,"Rain likely. Mostly cloudy, with a high near 48. Southeast wind around 7 mph. Chance of precipitation is 70%. New rainfall amounts less than a tenth of an inch possible."
BabyTron,2/1/2024 |  The Showbox, The Showbox,Music,Downtown,"Rain likely. Mostly cloudy, with a high near 48. Southeast wind around 7 mph. Chance of precipitation is 70%. New rainfall amounts less than a tenth of an inch possible."
Catalyzing Change with Akuyea Karen Vargas,2/1/2024 |  Bainbridge Island Museum of Art, Bainbridge Island Museum of Art,Readings & Lectures,West,"Rain likely. Mostly cloudy, with a high near 47. South southeast wind around 7 mph. Chance of precipitation is 70%. New rainfall amounts between a tenth and quarter of an inch possible."
Jamila Woods,2/1/2024 |  Neumos, Neumos,Music,Capitol Hill / Central District,"Rain likely. Cloudy, with a high near 48. Southeast wind around 7 mph. Chance of precipitation is 70%. New rainfall amounts less than a tenth of an inch possible."
Jazz is Dead: Blue Note 85,2/1/2024 |  The Neptune Theatre, The Neptune Theatre,Music,University District,Location not found
Michelle Cann,2/1/2024 |  Meany Center for the Performing Arts, Meany Center for the Performing Arts,Music,University District,Location not found
Pakt,2/1/2024 |  Funhouse, Funhouse,Music,Capitol Hill / Central District,"Mostly sunny, with a high near 32. Wind chill values as low as -1. Southwest wind 2 to 6 mph."
Erik Walters,2/2/2024 |  Barboza, Barboza,Music,Capitol Hill / Central District,No forecast available
Memoir,2/2/2024 |  Benaroya Hall, Benaroya Hall,Music,Downtown,"Rain likely. Mostly cloudy, with a high near 48. Southeast wind around 7 mph. Chance of precipitation is 70%. New rainfall amounts less than a tenth of an inch possible."
Nora En Pure,2/2/2024 |  Showbox SoDo, Showbox SoDo,Music,Pioneer Square,"Rain likely. Mostly cloudy, with a high near 48. Southeast wind around 7 mph. Chance of precipitation is 70%. New rainfall amounts less than a tenth of an inch possible."
Poolside,2/2/2024 |  The Showbox, The Showbox,Music,Downtown,"Rain likely. Mostly cloudy, with a high near 48. Southeast wind around 7 mph. Chance of precipitation is 70%. New rainfall amounts less than a tenth of an inch possible."
Tacoma Stars vs. Monterrey Flash,2/2/2024 |  accesso ShoWare Center, accesso ShoWare Center,Sports,South,"Rain likely. Mostly cloudy. High near 49, with temperatures falling to around 47 in the afternoon. East southeast wind around 7 mph. Chance of precipitation is 60%. New rainfall amounts less than a tenth of an inch possible."
Jaha Koo: The History of Korean Western Theatre,2/1/2024 through 2/3/2024 |  On The Boards, On The Boards,Theatre,Queen Anne / Seattle Center,No forecast available
The Winds: Medley of Emotions,2/2/2024 through 2/3/2024 |  Benaroya Hall, Benaroya Hall,Music,Downtown,"Rain likely. Mostly cloudy, with a high near 48. Southeast wind around 7 mph. Chance of precipitation is 70%. New rainfall amounts less than a tenth of an inch possible."
All Will Suffer,2/3/2024 |  Funhouse, Funhouse,Music,Capitol Hill / Central District,"Mostly sunny, with a high near 32. Wind chill values as low as -1. Southwest wind 2 to 6 mph."
Cold War Kids – 20 Years Tour,2/3/2024 |  The Moore Theatre, The Moore Theatre,Music,Downtown,No forecast available
Mau P,2/3/2024 |  The Showbox, The Showbox,Music,Downtown,"Rain likely. Mostly cloudy, with a high near 48. Southeast wind around 7 mph. Chance of precipitation is 70%. New rainfall amounts less than a tenth of an inch possible."
Randy Rainbow for President,2/3/2024 |  The Paramount Theatre, The Paramount Theatre,Theatre,Downtown,"Sunny. High near 35, with temperatures falling to around 32 in the afternoon. Wind chill values as low as 11. West wind 5 to 12 mph."
The Delta Bombers,2/3/2024 |  El Corazon, El Corazon,Music,Downtown,No forecast available
Seattle Chamber Music Winter Festival,1/26/2024 through 2/4/2024 |  Benaroya Hall, Benaroya Hall,Music,Downtown,"Rain likely. Mostly cloudy, with a high near 48. Southeast wind around 7 mph. Chance of precipitation is 70%. New rainfall amounts less than a tenth of an inch possible."
Beethoven Emperor Concerto,2/1/2024 through 2/4/2024 |  Benaroya Hall, Benaroya Hall,Music,Downtown,"Rain likely. Mostly cloudy, with a high near 48. Southeast wind around 7 mph. Chance of precipitation is 70%. New rainfall amounts less than a tenth of an inch possible."
Sergio Mendes,2/1/2024 through 2/4/2024 |  Dimitriou's Jazz Alley, Dimitriou's Jazz Alley,Music,Downtown,"Rain likely. Mostly cloudy, with a high near 48. Southeast wind around 7 mph. Chance of precipitation is 70%. New rainfall amounts less than a tenth of an inch possible."
Daniel Tiger’s Neighborhood,2/4/2024 |  The Paramount Theatre, The Paramount Theatre,Theatre,Downtown,"Sunny. High near 35, with temperatures falling to around 32 in the afternoon. Wind chill values as low as 11. West wind 5 to 12 mph."
Lil Skies,2/4/2024 |  The Showbox, The Showbox,Music,Downtown,"Rain likely. Mostly cloudy, with a high near 48. Southeast wind around 7 mph. Chance of precipitation is 70%. New rainfall amounts less than a tenth of an inch possible."
Criminal,2/5/2024 |  The Moore Theatre, The Moore Theatre,Theatre,Downtown,No forecast available
Neck Deep,2/5/2024 |  Showbox SoDo, Showbox SoDo,Music,Pioneer Square,"Rain likely. Mostly cloudy, with a high near 48. Southeast wind around 7 mph. Chance of precipitation is 70%. New rainfall amounts less than a tenth of an inch possible."
Kazu Kibuishi with Donna Barba Higuera,2/6/2024 |  Town Hall Seattle, Town Hall Seattle,Readings & Lectures,Downtown,"Rain likely. Cloudy, with a high near 48. Southeast wind around 7 mph. Chance of precipitation is 70%. New rainfall amounts less than a tenth of an inch possible."
Night Lovell,2/6/2024 |  The Showbox, The Showbox,Music,Downtown,"Rain likely. Mostly cloudy, with a high near 48. Southeast wind around 7 mph. Chance of precipitation is 70%. New rainfall amounts less than a tenth of an inch possible."
Soja,2/6/2024 |  The Neptune Theatre, The Neptune Theatre,Music,University District,Location not found
Kenny Barron Trio,2/6/2024 through 2/7/2024 |  Dimitriou's Jazz Alley, Dimitriou's Jazz Alley,Music,Downtown,"Rain likely. Mostly cloudy, with a high near 48. Southeast wind around 7 mph. Chance of precipitation is 70%. New rainfall amounts less than a tenth of an inch possible."
Tamara Payne: The Life and Legacy of Malcolm X,2/7/2024 |  Town Hall Seattle, Town Hall Seattle,Readings & Lectures,Downtown,"Rain likely. Cloudy, with a high near 48. Southeast wind around 7 mph. Chance of precipitation is 70%. New rainfall amounts less than a tenth of an inch possible."
The Kills,2/7/2024 |  Showbox SoDo, Showbox SoDo,Music,Pioneer Square,"Rain likely. Mostly cloudy, with a high near 48. Southeast wind around 7 mph. Chance of precipitation is 70%. New rainfall amounts less than a tenth of an inch possible."
An Evening with Tina Campt: Black Feminist Visual Culture,2/8/2024 |  Town Hall Seattle, Town Hall Seattle,Readings & Lectures,Downtown,"Rain likely. Cloudy, with a high near 48. Southeast wind around 7 mph. Chance of precipitation is 70%. New rainfall amounts less than a tenth of an inch possible."
Art and Transformation,2/8/2024 |  Bainbridge Island Museum of Art, Bainbridge Island Museum of Art,Readings & Lectures,West,"Rain likely. Mostly cloudy, with a high near 47. South southeast wind around 7 mph. Chance of precipitation is 70%. New rainfall amounts between a tenth and quarter of an inch possible."
Eric Bellinger,2/8/2024 |  The Showbox, The Showbox,Music,Downtown,"Rain likely. Mostly cloudy, with a high near 48. Southeast wind around 7 mph. Chance of precipitation is 70%. New rainfall amounts less than a tenth of an inch possible."
Futurebirds and Nude Party,2/8/2024 |  The Neptune Theatre, The Neptune Theatre,Music,University District,Location not found
Ilana Glazer Live,2/8/2024 |  The Moore Theatre, The Moore Theatre,Theatre,Downtown,No forecast available
Mister Blank,2/8/2024 |  Nectar Lounge, Nectar Lounge,Music,Fremont / Ballard,"Rain likely. Mostly cloudy, with a high near 47. Southeast wind around 8 mph. Chance of precipitation is 70%. New rainfall amounts between a tenth and quarter of an inch possible."
The Thorn,2/8/2024 through 2/9/2024 |  The Paramount Theatre, The Paramount Theatre,Theatre,Downtown,"Sunny. High near 35, with temperatures falling to around 32 in the afternoon. Wind chill values as low as 11. West wind 5 to 12 mph."
Barry Can’t Swim,2/9/2024 |  Neumos, Neumos,Music,Capitol Hill / Central District,"Rain likely. Cloudy, with a high near 48. Southeast wind around 7 mph. Chance of precipitation is 70%. New rainfall amounts less than a tenth of an inch possible."
Dark Star Orchestra,2/9/2024 |  The Showbox, The Showbox,Music,Downtown,"Rain likely. Mostly cloudy, with a high near 48. Southeast wind around 7 mph. Chance of precipitation is 70%. New rainfall amounts less than a tenth of an inch possible."
Gov’t Mule,2/9/2024 |  The Moore Theatre, The Moore Theatre,Music,Downtown,"A chance of snow showers between 8am and 4pm, then a slight chance of snow showers and a slight chance of freezing rain. Cloudy, with a high near 30. South southwest wind 14 to 17 mph, with gusts as high as 26 mph. Chance of precipitation is 30%. Little or no snow accumulation expected."
Mayer Hawthorne,2/9/2024 |  The Neptune Theatre, The Neptune Theatre,Music,University District,Location not found
Moontricks,2/9/2024 |  The Crocodile, The Crocodile,Music,Downtown,"Rain likely. Mostly cloudy. High near 48, with temperatures falling to around 46 in the afternoon. Southeast wind around 8 mph. Chance of precipitation is 70%. New rainfall amounts less than a tenth of an inch possible."
OBOE / OBOE,2/9/2024 |  415 Westlake, 415 Westlake,Music,Queen Anne / Seattle Center,"Rain likely. Cloudy, with a high near 47. Southeast wind around 7 mph. Chance of precipitation is 70%. New rainfall amounts less than a tenth of an inch possible."
Seattle Boat Show,2/2/2024 through 2/10/2024 |  Lumen Field, Lumen Field,Festivals & Special Events,Pioneer Square,"Rain likely. Mostly cloudy. High near 48, with temperatures falling to around 46 in the afternoon. Southeast wind around 7 mph. Chance of precipitation is 70%. New rainfall amounts less than a tenth of an inch possible."
Randall Goosby Plays Mozart,2/8/2024 through 2/10/2024 |  Benaroya Hall, Benaroya Hall,Music,Downtown,"Rain likely. Mostly cloudy, with a high near 48. Southeast wind around 7 mph. Chance of precipitation is 70%. New rainfall amounts less than a tenth of an inch possible."
Art by Design,2/9/2024 through 2/10/2024 |  Seattle Design Center, Seattle Design Center,Visual Arts & Galleries,Downtown,"Rain likely. Mostly cloudy, with a high near 48. Southeast wind around 7 mph. Chance of precipitation is 70%. New rainfall amounts less than a tenth of an inch possible."
Brazilian Carnaval 2024,2/10/2024 |  The Crocodile, The Crocodile,Music,Downtown,"Rain likely. Mostly cloudy. High near 48, with temperatures falling to around 46 in the afternoon. Southeast wind around 8 mph. Chance of precipitation is 70%. New rainfall amounts less than a tenth of an inch possible."
Chase Rice,2/10/2024 |  Showbox SoDo, Showbox SoDo,Music,Pioneer Square,"Rain likely. Mostly cloudy, with a high near 48. Southeast wind around 7 mph. Chance of precipitation is 70%. New rainfall amounts less than a tenth of an inch possible."
Joe “Mr. D”  Dombrowski,2/10/2024 |  The Moore Theatre, The Moore Theatre,Theatre,Downtown,"A chance of snow showers between 8am and 4pm, then a slight chance of snow showers and a slight chance of freezing rain. Cloudy, with a high near 30. South southwest wind 14 to 17 mph, with gusts as high as 26 mph. Chance of precipitation is 30%. Little or no snow accumulation expected."
JVNA,2/10/2024 |  The Showbox, The Showbox,Music,Downtown,"Rain likely. Mostly cloudy, with a high near 48. Southeast wind around 7 mph. Chance of precipitation is 70%. New rainfall amounts less than a tenth of an inch possible."
The Temptations &  The Four Tops,2/10/2024 |  The Paramount Theatre, The Paramount Theatre,Music,Downtown,"Sunny. High near 35, with temperatures falling to around 32 in the afternoon. Wind chill values as low as 11. West wind 5 to 12 mph."
Quixote Nuevo,Now through 2/11/2024 |  Seattle Rep, Seattle Rep,Theatre,Queen Anne / Seattle Center,"Rain likely. Cloudy, with a high near 48. Southeast wind around 7 mph. Chance of precipitation is 70%. New rainfall amounts less than a tenth of an inch possible."
Kent Stowell’s Swan Lake,2/2/2024 through 2/11/2024 |  Marion Oliver McCaw Hall, Marion Oliver McCaw Hall,Dance,Queen Anne / Seattle Center,"Rain likely. Mostly cloudy. High near 48, with temperatures falling to around 46 in the afternoon. Southeast wind around 8 mph. Chance of precipitation is 70%. New rainfall amounts less than a tenth of an inch possible."
Blood Sweat  and Tears,2/8/2024 through 2/11/2024 |  Dimitriou's Jazz Alley, Dimitriou's Jazz Alley,Music,Downtown,"Rain likely. Mostly cloudy, with a high near 48. Southeast wind around 7 mph. Chance of precipitation is 70%. New rainfall amounts less than a tenth of an inch possible."
Love at the Zoo,2/10/2024 through 2/11/2024 |  Point Defiance Zoo and Aquarium, Point Defiance Zoo and Aquarium,Festivals & Special Events,South,"Rain likely. Mostly cloudy, with a high near 49. South southeast wind around 7 mph. Chance of precipitation is 60%. New rainfall amounts less than a tenth of an inch possible."
Scott Bradlee’s Postmodern Jukebox,2/11/2024 |  The Paramount Theatre, The Paramount Theatre,Music,Downtown,"Sunny. High near 35, with temperatures falling to around 32 in the afternoon. Wind chill values as low as 11. West wind 5 to 12 mph."
Tourist and Amtrac,2/11/2024 |  The Showbox, The Showbox,Music,Downtown,"Rain likely. Mostly cloudy, with a high near 48. Southeast wind around 7 mph. Chance of precipitation is 70%. New rainfall amounts less than a tenth of an inch possible."
Eliades Ochoa,2/13/2024 |  The Moore Theatre, The Moore Theatre,Music,Downtown,"A chance of snow showers between 8am and 4pm, then a slight chance of snow showers and a slight chance of freezing rain. Cloudy, with a high near 30. South southwest wind 14 to 17 mph, with gusts as high as 26 mph. Chance of precipitation is 30%. Little or no snow accumulation expected."
K. Wayne Yang,2/13/2024 |  Town Hall Seattle, Town Hall Seattle,Readings & Lectures,Downtown,"Rain likely. Cloudy, with a high near 48. Southeast wind around 7 mph. Chance of precipitation is 70%. New rainfall amounts less than a tenth of an inch possible."
Maddie Zahm,2/15/2024 |  The Neptune Theatre, The Neptune Theatre,Music,University District,Location not found
Cory Wong Winter 2024 Tour,2/16/2024 |  The Paramount Theatre, The Paramount Theatre,Music,Downtown,"Sunny. High near 35, with temperatures falling to around 32 in the afternoon. Wind chill values as low as 11. West wind 5 to 12 mph."
Circa:Humans 2.0,2/15/2024 through 2/17/2024 |  Meany Center for the Performing Arts, Meany Center for the Performing Arts,Theatre,University District,Location not found
Jon Batiste,2/17/2024 |  The Paramount Theatre, The Paramount Theatre,Music,Downtown,"Sunny. High near 35, with temperatures falling to around 32 in the afternoon. Wind chill values as low as 11. West wind 5 to 12 mph."
TobyMac Hits Deep 2024,2/17/2024 |  accesso ShoWare Center, accesso ShoWare Center,Music,South,"Rain likely. Mostly cloudy. High near 49, with temperatures falling to around 47 in the afternoon. East southeast wind around 7 mph. Chance of precipitation is 60%. New rainfall amounts less than a tenth of an inch possible."
A Case for the Existence of God,2/2/2024 through 2/18/2024 |  ACT Theatre, ACT Theatre,Theatre,Downtown,"Rain likely. Cloudy, with a high near 48. Southeast wind around 7 mph. Chance of precipitation is 70%. New rainfall amounts less than a tenth of an inch possible."
Northwest Flower & Garden Festival,2/14/2024 through 2/18/2024 |  Seattle Convention Center, Seattle Convention Center,Festivals & Special Events,Downtown,"Rain likely. Cloudy, with a high near 48. Southeast wind around 7 mph. Chance of precipitation is 70%. New rainfall amounts less than a tenth of an inch possible."
The Princess Bride in Concert with the Seattle Symphony,2/14/2024 through 2/18/2024 |  Benaroya Hall, Benaroya Hall,Music,Downtown,"Rain likely. Mostly cloudy, with a high near 48. Southeast wind around 7 mph. Chance of precipitation is 70%. New rainfall amounts less than a tenth of an inch possible."
Mindi Abair Wine and Jazz Tour 2024,2/15/2024 through 2/18/2024 |  Dimitriou's Jazz Alley, Dimitriou's Jazz Alley,Music,Downtown,"Rain likely. Mostly cloudy, with a high near 48. Southeast wind around 7 mph. Chance of precipitation is 70%. New rainfall amounts less than a tenth of an inch possible."
Madonna,2/17/2024 through 2/18/2024 |  Climate Pledge Arena, Climate Pledge Arena,Music,Queen Anne / Seattle Center,"Rain likely. Mostly cloudy. High near 48, with temperatures falling to around 46 in the afternoon. Southeast wind around 8 mph. Chance of precipitation is 70%. New rainfall amounts less than a tenth of an inch possible."
"Meet the Author: Maggie Taft, The Chieftain and the Chair",2/18/2024 |  National Nordic Museum, National Nordic Museum,Museums,Fremont / Ballard,"Rain likely. Mostly cloudy. High near 48, with temperatures falling to around 46 in the afternoon. Southeast wind around 8 mph. Chance of precipitation is 70%. New rainfall amounts between a tenth and quarter of an inch possible."
Seattle Kraken vs. Detroit Red Wings,2/19/2024 |  Climate Pledge Arena, Climate Pledge Arena,Sports,Queen Anne / Seattle Center,"Rain likely. Mostly cloudy. High near 48, with temperatures falling to around 46 in the afternoon. Southeast wind around 8 mph. Chance of precipitation is 70%. New rainfall amounts less than a tenth of an inch possible."
From Mozart to Matthews,2/20/2024 |  Benaroya Hall, Benaroya Hall,Music,Downtown,"Rain likely. Mostly cloudy, with a high near 48. Southeast wind around 7 mph. Chance of precipitation is 70%. New rainfall amounts less than a tenth of an inch possible."
Lukas Nelson,2/20/2024 |  The Showbox, The Showbox,Music,Downtown,"Rain likely. Mostly cloudy, with a high near 48. Southeast wind around 7 mph. Chance of precipitation is 70%. New rainfall amounts less than a tenth of an inch possible."
Mahogany – smARTfilms: Black Luxury,2/20/2024 |  Bainbridge Island Museum of Art, Bainbridge Island Museum of Art,Film & Media Arts,West,"Rain likely. Mostly cloudy, with a high near 47. South southeast wind around 7 mph. Chance of precipitation is 70%. New rainfall amounts between a tenth and quarter of an inch possible."
"Wu Han, Philip Setzer & David Finckel",2/20/2024 |  Meany Center for the Performing Arts, Meany Center for the Performing Arts,Music,University District,Location not found
The Cookers,2/20/2024 through 2/21/2024 |  Dimitriou's Jazz Alley, Dimitriou's Jazz Alley,Music,Downtown,"Rain likely. Mostly cloudy, with a high near 48. Southeast wind around 7 mph. Chance of precipitation is 70%. New rainfall amounts less than a tenth of an inch possible."
Side-by-Side with Seattle Youth Symphony Orchestra,2/21/2024 |  Benaroya Hall, Benaroya Hall,Music,Downtown,"Rain likely. Mostly cloudy, with a high near 48. Southeast wind around 7 mph. Chance of precipitation is 70%. New rainfall amounts less than a tenth of an inch possible."
Seattle Kraken vs. Vancouver Canucks,2/22/2024 |  Climate Pledge Arena, Climate Pledge Arena,Sports,Queen Anne / Seattle Center,"Rain likely. Mostly cloudy. High near 48, with temperatures falling to around 46 in the afternoon. Southeast wind around 8 mph. Chance of precipitation is 70%. New rainfall amounts less than a tenth of an inch possible."
Funky Friday with F2D,Now through 2/23/2024 |  Sea Monster Lounge, Sea Monster Lounge,Music,Wallingford / Greenlake,"Rain likely. Mostly cloudy. High near 48, with temperatures falling to around 46 in the afternoon. East southeast wind around 7 mph. Chance of precipitation is 70%. New rainfall amounts between a tenth and quarter of an inch possible."
BLACKSTAR SYMPHONY: The Music of David Bowie,2/23/2024 |  Benaroya Hall, Benaroya Hall,Music,Downtown,"Rain likely. Mostly cloudy, with a high near 48. Southeast wind around 7 mph. Chance of precipitation is 70%. New rainfall amounts less than a tenth of an inch possible."
Opera Talk: The Making of X,2/23/2024 |  Opera Center, Opera Center,Readings & Lectures,Queen Anne / Seattle Center,No forecast available
Wreckno,2/23/2024 |  The Showbox, The Showbox,Music,Downtown,"Rain likely. Mostly cloudy, with a high near 48. Southeast wind around 7 mph. Chance of precipitation is 70%. New rainfall amounts less than a tenth of an inch possible."
Kelly Akashi,Now through 2/24/2024 |  Henry Art Gallery, Henry Art Gallery,Museums,University District,"Rain likely. Mostly cloudy, with a high near 48. Southeast wind around 7 mph. Chance of precipitation is 70%. New rainfall amounts less than a tenth of an inch possible."
The Lower Depths,2/6/2024 through 2/24/2024 |  Erickson Theatre, Erickson Theatre,Theatre,Capitol Hill / Central District,"Rain likely. Cloudy, with a high near 48. Southeast wind around 7 mph. Chance of precipitation is 70%. New rainfall amounts less than a tenth of an inch possible."
Dan Brown Wild Symphony,2/24/2024 |  Benaroya Hall, Benaroya Hall,Music,Downtown,"Rain likely. Mostly cloudy, with a high near 48. Southeast wind around 7 mph. Chance of precipitation is 70%. New rainfall amounts less than a tenth of an inch possible."
Pink Sweat$,2/24/2024 |  The Showbox, The Showbox,Music,Downtown,"Rain likely. Mostly cloudy, with a high near 48. Southeast wind around 7 mph. Chance of precipitation is 70%. New rainfall amounts less than a tenth of an inch possible."
Seattle Kraken vs. Minnesota Wild,2/24/2024 |  Climate Pledge Arena, Climate Pledge Arena,Sports,Queen Anne / Seattle Center,"Rain likely. Mostly cloudy. High near 48, with temperatures falling to around 46 in the afternoon. Southeast wind around 8 mph. Chance of precipitation is 70%. New rainfall amounts less than a tenth of an inch possible."
Small Island Big Song,2/24/2024 |  Meany Center for the Performing Arts, Meany Center for the Performing Arts,Music,University District,Location not found
Born With Teeth,2/1/2024 through 2/25/2024 |  ArtsWest Playhouse and Gallery, ArtsWest Playhouse and Gallery,Theatre,West Seattle,Location not found
"Once More, Just For You",2/5/2024 through 2/25/2024 |  Seattle Public Theater, Seattle Public Theater,Theatre,Wallingford / Greenlake,"Rain likely. Mostly cloudy, with a high near 47. East southeast wind around 7 mph. Chance of precipitation is 70%. New rainfall amounts between a tenth and quarter of an inch possible."
Wintergrass Music Festival,2/22/2024 through 2/25/2024 |  Hyatt Regency Bellevue, Hyatt Regency Bellevue,Festivals & Special Events,Bellevue / Eastside,"Rain likely. Mostly cloudy, with a high near 48. East southeast wind around 7 mph. Chance of precipitation is 70%. New rainfall amounts less than a tenth of an inch possible."
Seattle Kraken vs. Boston Bruins,2/26/2024 |  Climate Pledge Arena, Climate Pledge Arena,Sports,Queen Anne / Seattle Center,"Rain likely. Mostly cloudy. High near 48, with temperatures falling to around 46 in the afternoon. Southeast wind around 8 mph. Chance of precipitation is 70%. New rainfall amounts less than a tenth of an inch possible."
Hunt for Sleeping Giants | National Geographic Live,2/25/2024 through 2/27/2024 |  Benaroya Hall, Benaroya Hall,Readings & Lectures,Downtown,"Rain likely. Mostly cloudy, with a high near 48. Southeast wind around 7 mph. Chance of precipitation is 70%. New rainfall amounts less than a tenth of an inch possible."
Playboi Carti,2/28/2024 |  Climate Pledge Arena, Climate Pledge Arena,Music,Queen Anne / Seattle Center,"Rain likely. Mostly cloudy. High near 48, with temperatures falling to around 46 in the afternoon. Southeast wind around 8 mph. Chance of precipitation is 70%. New rainfall amounts less than a tenth of an inch possible."
Winter Brilliance,Now through 2/29/2024 |  Chihuly Garden and Glass, Chihuly Garden and Glass,Museums,Queen Anne / Seattle Center,"Rain likely. Mostly cloudy. High near 48, with temperatures falling to around 46 in the afternoon. Southeast wind around 8 mph. Chance of precipitation is 70%. New rainfall amounts less than a tenth of an inch possible."
Seattle Museum Month,2/1/2024 through 2/29/2024 |  Downtown Seattle, Downtown Seattle,Museums,Downtown,"Rain likely. Cloudy, with a high near 48. Southeast wind around 7 mph. Chance of precipitation is 70%. New rainfall amounts less than a tenth of an inch possible."
Seattle Kraken vs. Pittsburgh Penguins,2/29/2024 |  Climate Pledge Arena, Climate Pledge Arena,Sports,Queen Anne / Seattle Center,"Rain likely. Mostly cloudy. High near 48, with temperatures falling to around 46 in the afternoon. Southeast wind around 8 mph. Chance of precipitation is 70%. New rainfall amounts less than a tenth of an inch possible."
The Human Family,2/29/2024 |  LANGSTON Seattle, LANGSTON Seattle,Music,Capitol Hill / Central District,"Rain likely. Cloudy, with a high near 48. Southeast wind around 7 mph. Chance of precipitation is 70%. New rainfall amounts less than a tenth of an inch possible."
Fall Out Boy,3/1/2024 |  Climate Pledge Arena, Climate Pledge Arena,Readings & Lectures,Queen Anne / Seattle Center,"Rain likely. Mostly cloudy. High near 48, with temperatures falling to around 46 in the afternoon. Southeast wind around 8 mph. Chance of precipitation is 70%. New rainfall amounts less than a tenth of an inch possible."
Tacoma Stars vs. Harrisburg Heat,3/1/2024 |  accesso ShoWare Center, accesso ShoWare Center,Sports,South,"Rain likely. Mostly cloudy. High near 49, with temperatures falling to around 47 in the afternoon. East southeast wind around 7 mph. Chance of precipitation is 60%. New rainfall amounts less than a tenth of an inch possible."
Conrad Tao’s Playlist,3/1/2024 through 3/2/2024 |  Benaroya Hall, Benaroya Hall,Music,Downtown,"Rain likely. Mostly cloudy, with a high near 48. Southeast wind around 7 mph. Chance of precipitation is 70%. New rainfall amounts less than a tenth of an inch possible."
Seattle Kraken vs. Edmonton Oilers,3/2/2024 |  Climate Pledge Arena, Climate Pledge Arena,Sports,Queen Anne / Seattle Center,"Rain likely. Mostly cloudy. High near 48, with temperatures falling to around 46 in the afternoon. Southeast wind around 8 mph. Chance of precipitation is 70%. New rainfall amounts less than a tenth of an inch possible."
Emerald City Comic Con,2/29/2024 through 3/3/2024 |  Seattle Convention Center, Seattle Convention Center,Festivals & Special Events,Downtown,"Rain likely. Cloudy, with a high near 48. Southeast wind around 7 mph. Chance of precipitation is 70%. New rainfall amounts less than a tenth of an inch possible."
Tacoma Stars vs. Harrisburg Heat,3/3/2024 |  accesso ShoWare Center, accesso ShoWare Center,Music,South,"Rain likely. Mostly cloudy. High near 49, with temperatures falling to around 47 in the afternoon. East southeast wind around 7 mph. Chance of precipitation is 60%. New rainfall amounts less than a tenth of an inch possible."
Calidore Quartet & Abeo Quartet,3/8/2024 |  415 Westlake, 415 Westlake,Music,Queen Anne / Seattle Center,"Rain likely. Cloudy, with a high near 47. Southeast wind around 7 mph. Chance of precipitation is 70%. New rainfall amounts less than a tenth of an inch possible."
Holding / Movement,3/8/2024 |  Benaroya Hall, Benaroya Hall,Music,Downtown,"Rain likely. Mostly cloudy, with a high near 48. Southeast wind around 7 mph. Chance of precipitation is 70%. New rainfall amounts less than a tenth of an inch possible."
Seattle Kraken vs. Winnipeg Jets,3/8/2024 |  Climate Pledge Arena, Climate Pledge Arena,Sports,Queen Anne / Seattle Center,"Rain likely. Mostly cloudy. High near 48, with temperatures falling to around 46 in the afternoon. Southeast wind around 8 mph. Chance of precipitation is 70%. New rainfall amounts less than a tenth of an inch possible."
X:The Life and Times of Malcolm X,2/24/2024 through 3/9/2024 |  Marion Oliver McCaw Hall, Marion Oliver McCaw Hall,Music,Queen Anne / Seattle Center,"Rain likely. Mostly cloudy. High near 48, with temperatures falling to around 46 in the afternoon. Southeast wind around 8 mph. Chance of precipitation is 70%. New rainfall amounts less than a tenth of an inch possible."
Bach St. John Passion,3/7/2024 through 3/9/2024 |  Benaroya Hall, Benaroya Hall,Music,Downtown,"Rain likely. Mostly cloudy, with a high near 48. Southeast wind around 7 mph. Chance of precipitation is 70%. New rainfall amounts less than a tenth of an inch possible."
Helene Grimaud,3/9/2024 |  Meany Center for the Performing Arts, Meany Center for the Performing Arts,Music,University District,Location not found
Positive Fragmentation,Now through 3/10/2024 |  Bellevue Arts Museum, Bellevue Arts Museum,Museums,Bellevue / Eastside,No forecast available
Antonio M. Gomez: LINEAJES,Now through 3/10/2024 |  Frye Art Museum, Frye Art Museum,Museums,Capitol Hill / Central District,"Rain likely. Cloudy, with a high near 48. Southeast wind around 7 mph. Chance of precipitation is 70%. New rainfall amounts less than a tenth of an inch possible."
Soren Solkaer: Sort Sol,Now through 3/10/2024 |  National Nordic Museum, National Nordic Museum,Museums,Fremont / Ballard,"Rain likely. Mostly cloudy. High near 48, with temperatures falling to around 46 in the afternoon. Southeast wind around 8 mph. Chance of precipitation is 70%. New rainfall amounts between a tenth and quarter of an inch possible."
Luchadora!,2/22/2024 through 3/10/2024 |  Seattle Children's Theatre, Seattle Children's Theatre,Theatre,Queen Anne / Seattle Center,"Rain likely. Mostly cloudy. High near 48, with temperatures falling to around 46 in the afternoon. Southeast wind around 8 mph. Chance of precipitation is 70%. New rainfall amounts less than a tenth of an inch possible."
Wild Cats Revealed | National Geographic Live,3/10/2024 through 3/12/2024 |  Benaroya Hall, Benaroya Hall,Readings & Lectures,Downtown,"Rain likely. Mostly cloudy, with a high near 48. Southeast wind around 7 mph. Chance of precipitation is 70%. New rainfall amounts less than a tenth of an inch possible."
Seattle Kraken vs. Vegas Golden Knights,3/12/2024 |  Climate Pledge Arena, Climate Pledge Arena,Sports,Queen Anne / Seattle Center,"Rain likely. Mostly cloudy. High near 48, with temperatures falling to around 46 in the afternoon. Southeast wind around 8 mph. Chance of precipitation is 70%. New rainfall amounts less than a tenth of an inch possible."
Seattle Kraken vs. Washington Capitals,3/14/2024 |  Climate Pledge Arena, Climate Pledge Arena,Sports,Queen Anne / Seattle Center,"Rain likely. Mostly cloudy. High near 48, with temperatures falling to around 46 in the afternoon. Southeast wind around 8 mph. Chance of precipitation is 70%. New rainfall amounts less than a tenth of an inch possible."
Mark Morris Dance Group: The Look of Love,3/14/2024 through 3/16/2024 |  Meany Center for the Performing Arts, Meany Center for the Performing Arts,Music,University District,Location not found
Sibelius & Nielsen,3/14/2024 through 3/16/2024 |  Benaroya Hall, Benaroya Hall,Music,Downtown,"Rain likely. Mostly cloudy, with a high near 48. Southeast wind around 7 mph. Chance of precipitation is 70%. New rainfall amounts less than a tenth of an inch possible."
Tacoma Stars vs. Chihuahua Savage,3/15/2024 through 3/16/2024 |  accesso ShoWare Center, accesso ShoWare Center,Sports,South,"Rain likely. Mostly cloudy. High near 49, with temperatures falling to around 47 in the afternoon. East southeast wind around 7 mph. Chance of precipitation is 60%. New rainfall amounts less than a tenth of an inch possible."
Seattle Kraken vs. Nashville Predators,3/16/2024 |  Climate Pledge Arena, Climate Pledge Arena,Sports,Queen Anne / Seattle Center,"Rain likely. Mostly cloudy. High near 48, with temperatures falling to around 46 in the afternoon. Southeast wind around 8 mph. Chance of precipitation is 70%. New rainfall amounts less than a tenth of an inch possible."
Native Portraiture: Power and Perception,Now through 3/17/2024 |  Tacoma Art Museum, Tacoma Art Museum,Museums,South,"Rain likely. Mostly cloudy, with a high near 50. South southeast wind around 7 mph. Chance of precipitation is 60%. New rainfall amounts less than a tenth of an inch possible."
Places to Call Home: Settlements in the West,Now through 3/17/2024 |  Tacoma Art Museum, Tacoma Art Museum,Museums,South,"Rain likely. Mostly cloudy, with a high near 50. South southeast wind around 7 mph. Chance of precipitation is 60%. New rainfall amounts less than a tenth of an inch possible."
Nobody Lives Here,Now through 3/17/2024 |  Wing Luke Museum, Wing Luke Museum,Museums,International District,"Rain likely. Cloudy, with a high near 48. Southeast wind around 7 mph. Chance of precipitation is 70%. New rainfall amounts less than a tenth of an inch possible."
Rootabaga Country,3/8/2024 through 3/17/2024 |  Opera Center, Opera Center,Music,Queen Anne / Seattle Center,No forecast available
Seattle Kraken vs. Buffalo Sabres,3/18/2024 |  Climate Pledge Arena, Climate Pledge Arena,Sports,Queen Anne / Seattle Center,"Rain likely. Mostly cloudy. High near 48, with temperatures falling to around 46 in the afternoon. Southeast wind around 8 mph. Chance of precipitation is 70%. New rainfall amounts less than a tenth of an inch possible."
Tacoma Stars vs. Empire Strykers,3/23/2024 |  accesso ShoWare Center, accesso ShoWare Center,Sports,South,"Rain likely. Mostly cloudy. High near 49, with temperatures falling to around 47 in the afternoon. East southeast wind around 7 mph. Chance of precipitation is 60%. New rainfall amounts less than a tenth of an inch possible."
Something’s Afoot,3/1/2024 through 3/24/2024 |  The 5th Avenue Theatre, The 5th Avenue Theatre,Theatre,Downtown,"Sunny, with a high near 34. Southwest wind 5 to 10 mph."
One Thousand Pieces,3/15/2024 through 3/24/2024 |  Marion Oliver McCaw Hall, Marion Oliver McCaw Hall,Dance,Queen Anne / Seattle Center,"Rain likely. Mostly cloudy. High near 48, with temperatures falling to around 46 in the afternoon. Southeast wind around 8 mph. Chance of precipitation is 70%. New rainfall amounts less than a tenth of an inch possible."
Simon Trpceski Plays Tchaikovsky,3/21/2024 through 3/24/2024 |  Benaroya Hall, Benaroya Hall,Music,Downtown,"Rain likely. Mostly cloudy, with a high near 48. Southeast wind around 7 mph. Chance of precipitation is 70%. New rainfall amounts less than a tenth of an inch possible."
Seattle Kraken vs. Montreal Canadiens,3/24/2024 |  Climate Pledge Arena, Climate Pledge Arena,Sports,Queen Anne / Seattle Center,"Rain likely. Mostly cloudy. High near 48, with temperatures falling to around 46 in the afternoon. Southeast wind around 8 mph. Chance of precipitation is 70%. New rainfall amounts less than a tenth of an inch possible."
Seattle Kraken vs. Anaheim Ducks,3/26/2024 |  Climate Pledge Arena, Climate Pledge Arena,Sports,Queen Anne / Seattle Center,"Rain likely. Mostly cloudy. High near 48, with temperatures falling to around 46 in the afternoon. Southeast wind around 8 mph. Chance of precipitation is 70%. New rainfall amounts less than a tenth of an inch possible."
Seattle Kraken vs. Anaheim Ducks,3/28/2024 |  Climate Pledge Arena, Climate Pledge Arena,Sports,Queen Anne / Seattle Center,"Rain likely. Mostly cloudy. High near 48, with temperatures falling to around 46 in the afternoon. Southeast wind around 8 mph. Chance of precipitation is 70%. New rainfall amounts less than a tenth of an inch possible."
Tim McGraw,3/29/2024 |  Climate Pledge Arena, Climate Pledge Arena,Music,Queen Anne / Seattle Center,"Rain likely. Mostly cloudy. High near 48, with temperatures falling to around 46 in the afternoon. Southeast wind around 8 mph. Chance of precipitation is 70%. New rainfall amounts less than a tenth of an inch possible."
Harold and the Purple Crayon,3/23/2024 through 3/30/2024 |  Marion Oliver McCaw Hall, Marion Oliver McCaw Hall,Dance,Queen Anne / Seattle Center,"Rain likely. Mostly cloudy. High near 48, with temperatures falling to around 46 in the afternoon. Southeast wind around 8 mph. Chance of precipitation is 70%. New rainfall amounts less than a tenth of an inch possible."
Seattle Kraken vs. Dallas Stars,3/30/2024 |  Climate Pledge Arena, Climate Pledge Arena,Sports,Queen Anne / Seattle Center,"Rain likely. Mostly cloudy. High near 48, with temperatures falling to around 46 in the afternoon. Southeast wind around 8 mph. Chance of precipitation is 70%. New rainfall amounts less than a tenth of an inch possible."
Illuminate: Glass Art for Early Learners,Now through 3/31/2024 |  Museum of Glass, Museum of Glass,Museums,South,"Rain likely. Mostly cloudy, with a high near 50. South southeast wind around 7 mph. Chance of precipitation is 60%. New rainfall amounts less than a tenth of an inch possible."
Al Young’s 1970 Dodge Challenger Drag Racer,Now through 3/31/2024 |  Museum of History & Industry, Museum of History & Industry,Museums,Queen Anne / Seattle Center,No forecast available
Sanctuary City,3/1/2024 through 3/31/2024 |  Seattle Rep, Seattle Rep,Theatre,Queen Anne / Seattle Center,"Rain likely. Cloudy, with a high near 48. Southeast wind around 7 mph. Chance of precipitation is 70%. New rainfall amounts less than a tenth of an inch possible."
Stew,3/15/2024 through 3/31/2024 |  ACT Theatre, ACT Theatre,Theatre,Downtown,"Rain likely. Cloudy, with a high near 48. Southeast wind around 7 mph. Chance of precipitation is 70%. New rainfall amounts less than a tenth of an inch possible."
Luis Miguel,4/4/2024 |  Climate Pledge Arena, Climate Pledge Arena,Music,Queen Anne / Seattle Center,"Rain likely. Mostly cloudy. High near 48, with temperatures falling to around 46 in the afternoon. Southeast wind around 8 mph. Chance of precipitation is 70%. New rainfall amounts less than a tenth of an inch possible."
Taylor Raven and Duke Kim in Recital,4/4/2024 |  Opera Center, Opera Center,Music,Queen Anne / Seattle Center,No forecast available
Copland Appalachian Spring,4/4/2024 through 4/6/2024 |  Benaroya Hall, Benaroya Hall,Music,Downtown,"Rain likely. Mostly cloudy, with a high near 48. Southeast wind around 7 mph. Chance of precipitation is 70%. New rainfall amounts less than a tenth of an inch possible."
La Vaughn Belle: A History of Unruly Returns,Now through 4/7/2024 |  National Nordic Museum, National Nordic Museum,Museums,Fremont / Ballard,"Rain likely. Mostly cloudy. High near 48, with temperatures falling to around 46 in the afternoon. Southeast wind around 8 mph. Chance of precipitation is 70%. New rainfall amounts between a tenth and quarter of an inch possible."
Beetlejuice,4/2/2024 through 4/7/2024 |  The Paramount Theatre, The Paramount Theatre,Theatre,Downtown,"Sunny. High near 35, with temperatures falling to around 32 in the afternoon. Wind chill values as low as 11. West wind 5 to 12 mph."
Seattle Kraken vs. Arizona Coyotes,4/9/2024 |  Climate Pledge Arena, Climate Pledge Arena,Sports,Queen Anne / Seattle Center,"Rain likely. Mostly cloudy. High near 48, with temperatures falling to around 46 in the afternoon. Southeast wind around 8 mph. Chance of precipitation is 70%. New rainfall amounts less than a tenth of an inch possible."
Seattle Kraken vs. San Jose Sharks,4/11/2024 |  Climate Pledge Arena, Climate Pledge Arena,Sports,Queen Anne / Seattle Center,"Rain likely. Mostly cloudy. High near 48, with temperatures falling to around 46 in the afternoon. Southeast wind around 8 mph. Chance of precipitation is 70%. New rainfall amounts less than a tenth of an inch possible."
The Percussion: Sounds from Home,4/12/2024 through 4/13/2024 |  Benaroya Hall, Benaroya Hall,Music,Downtown,"Rain likely. Mostly cloudy, with a high near 48. Southeast wind around 7 mph. Chance of precipitation is 70%. New rainfall amounts less than a tenth of an inch possible."
Honoring 50 Years of Papunya Tula Painting,Now through 4/14/2024 |  Seattle Art Museum, Seattle Art Museum,Museums,Downtown,"Rain likely. Mostly cloudy, with a high near 48. Southeast wind around 7 mph. Chance of precipitation is 70%. New rainfall amounts less than a tenth of an inch possible."
The Moors,3/22/2024 through 4/14/2024 |  Seattle Public Theater, Seattle Public Theater,Theatre,Wallingford / Greenlake,"Rain likely. Mostly cloudy, with a high near 47. East southeast wind around 7 mph. Chance of precipitation is 70%. New rainfall amounts between a tenth and quarter of an inch possible."
Mahler Symphony No. 3,4/11/2024 through 4/14/2024 |  Benaroya Hall, Benaroya Hall,Music,Downtown,"Rain likely. Mostly cloudy, with a high near 48. Southeast wind around 7 mph. Chance of precipitation is 70%. New rainfall amounts less than a tenth of an inch possible."
Best of the Northwest Spring Show,4/13/2024 through 4/14/2024 |  Magnuson Park, Magnuson Park,Festivals & Special Events,University District,"Rain likely. Mostly cloudy, with a high near 48. East southeast wind around 7 mph. Chance of precipitation is 70%. New rainfall amounts less than a tenth of an inch possible."
An Evening with Jinjoo Cho,4/19/2024 |  415 Westlake, 415 Westlake,Music,Queen Anne / Seattle Center,"Rain likely. Cloudy, with a high near 47. Southeast wind around 7 mph. Chance of precipitation is 70%. New rainfall amounts less than a tenth of an inch possible."
Dvorak Symphony No. 6,4/18/2024 through 4/20/2024 |  Benaroya Hall, Benaroya Hall,Music,Downtown,"Rain likely. Mostly cloudy, with a high near 48. Southeast wind around 7 mph. Chance of precipitation is 70%. New rainfall amounts less than a tenth of an inch possible."
The Seasons’ Canon,4/12/2024 through 4/21/2024 |  Marion Oliver McCaw Hall, Marion Oliver McCaw Hall,Dance,Queen Anne / Seattle Center,"Rain likely. Mostly cloudy. High near 48, with temperatures falling to around 46 in the afternoon. Southeast wind around 8 mph. Chance of precipitation is 70%. New rainfall amounts less than a tenth of an inch possible."
DRUM TAO 30th Anniversary,4/22/2024 |  Benaroya Hall, Benaroya Hall,Music,Downtown,"Rain likely. Mostly cloudy, with a high near 48. Southeast wind around 7 mph. Chance of precipitation is 70%. New rainfall amounts less than a tenth of an inch possible."
Disney’s Aladdin,4/24/2024 through 4/28/2024 |  The Paramount Theatre, The Paramount Theatre,Theatre,Downtown,"Sunny. High near 35, with temperatures falling to around 32 in the afternoon. Wind chill values as low as 11. West wind 5 to 12 mph."
Antarctic Symphony,4/25/2024 through 4/28/2024 |  Benaroya Hall, Benaroya Hall,Music,Downtown,"Rain likely. Mostly cloudy, with a high near 48. Southeast wind around 7 mph. Chance of precipitation is 70%. New rainfall amounts less than a tenth of an inch possible."
Shine On Seattle,1/30/2024 through 4/29/2024 |  Pioneer Square, Pioneer Square,Festivals & Special Events,Pioneer Square,"Rain likely. Cloudy. High near 44, with temperatures falling to around 42 in the afternoon. East southeast wind around 7 mph. Chance of precipitation is 60%. New rainfall amounts between a tenth and quarter of an inch possible."
Noah Geller’s Playlist,5/3/2024 through 5/4/2024 |  Benaroya Hall, Benaroya Hall,Music,Downtown,"Rain likely. Mostly cloudy, with a high near 48. Southeast wind around 7 mph. Chance of precipitation is 70%. New rainfall amounts less than a tenth of an inch possible."
Broadway Spectacular,5/4/2024 |  Cornish Playhouse at Seattle Center, Cornish Playhouse at Seattle Center,Music,Queen Anne / Seattle Center,Location not found
Jessica Jackson Hutchins: Wrecked and Righteous,1/27/2024 through 5/5/2024 |  Frye Art Museum, Frye Art Museum,Museums,Capitol Hill / Central District,"Rain likely. Cloudy, with a high near 48. Southeast wind around 7 mph. Chance of precipitation is 70%. New rainfall amounts less than a tenth of an inch possible."
The Lion Tells His Tale,5/1/2024 through 5/5/2024 |  Broadway Performance Hall, Broadway Performance Hall,Theatre,Capitol Hill / Central District,"Rain likely. Cloudy, with a high near 48. Southeast wind around 7 mph. Chance of precipitation is 70%. New rainfall amounts less than a tenth of an inch possible."
"Guma’ Gela:  Part Land, Part Sea, All Ancestry",Now through 5/12/2024 |  Wing Luke Museum, Wing Luke Museum,Museums,International District,"Rain likely. Cloudy, with a high near 48. Southeast wind around 7 mph. Chance of precipitation is 70%. New rainfall amounts less than a tenth of an inch possible."
Fat Ham,4/12/2024 through 5/12/2024 |  Seattle Rep, Seattle Rep,Theatre,Queen Anne / Seattle Center,"Rain likely. Cloudy, with a high near 48. Southeast wind around 7 mph. Chance of precipitation is 70%. New rainfall amounts less than a tenth of an inch possible."
A Tale of Peter Rabbit,4/25/2024 through 5/12/2024 |  Seattle Children's Theatre, Seattle Children's Theatre,Theatre,Queen Anne / Seattle Center,"Rain likely. Mostly cloudy. High near 48, with temperatures falling to around 46 in the afternoon. Southeast wind around 8 mph. Chance of precipitation is 70%. New rainfall amounts less than a tenth of an inch possible."
The Lehman Trilogy,4/26/2024 through 5/12/2024 |  ACT Theatre, ACT Theatre,Theatre,Downtown,"Rain likely. Cloudy, with a high near 48. Southeast wind around 7 mph. Chance of precipitation is 70%. New rainfall amounts less than a tenth of an inch possible."
The Untold Story of Sharks | National Geographic Live,5/12/2024 through 5/14/2024 |  Benaroya Hall, Benaroya Hall,Readings & Lectures,Downtown,"Rain likely. Mostly cloudy, with a high near 48. Southeast wind around 7 mph. Chance of precipitation is 70%. New rainfall amounts less than a tenth of an inch possible."
Mother,5/17/2024 |  415 Westlake, 415 Westlake,Music,Queen Anne / Seattle Center,"Rain likely. Cloudy, with a high near 47. Southeast wind around 7 mph. Chance of precipitation is 70%. New rainfall amounts less than a tenth of an inch possible."
Barber Violin Concerto,5/16/2024 through 5/18/2024 |  Benaroya Hall, Benaroya Hall,Music,Downtown,"Rain likely. Mostly cloudy, with a high near 48. Southeast wind around 7 mph. Chance of precipitation is 70%. New rainfall amounts less than a tenth of an inch possible."
The Barber of Seville,5/4/2024 through 5/24/2024 |  Marion Oliver McCaw Hall, Marion Oliver McCaw Hall,Music,Queen Anne / Seattle Center,"Rain likely. Mostly cloudy. High near 48, with temperatures falling to around 46 in the afternoon. Southeast wind around 8 mph. Chance of precipitation is 70%. New rainfall amounts less than a tenth of an inch possible."
Unriveled,5/10/2024 through 6/2/2024 |  Seattle Public Theater, Seattle Public Theater,Theatre,Wallingford / Greenlake,"Rain likely. Mostly cloudy, with a high near 47. East southeast wind around 7 mph. Chance of precipitation is 70%. New rainfall amounts between a tenth and quarter of an inch possible."
George Balenchine’s Coppelia,5/31/2024 through 6/9/2024 |  Marion Oliver McCaw Hall, Marion Oliver McCaw Hall,Dance,Queen Anne / Seattle Center,"Rain likely. Mostly cloudy. High near 48, with temperatures falling to around 46 in the afternoon. Southeast wind around 8 mph. Chance of precipitation is 70%. New rainfall amounts less than a tenth of an inch possible."
Jan Lisiecki Plays Prokofiev,6/6/2024 through 6/9/2024 |  Benaroya Hall, Benaroya Hall,Music,Downtown,"Rain likely. Mostly cloudy, with a high near 48. Southeast wind around 7 mph. Chance of precipitation is 70%. New rainfall amounts less than a tenth of an inch possible."
Beethoven Symphony No. 5,6/13/2024 through 6/15/2024 |  Benaroya Hall, Benaroya Hall,Music,Downtown,"Rain likely. Mostly cloudy, with a high near 48. Southeast wind around 7 mph. Chance of precipitation is 70%. New rainfall amounts less than a tenth of an inch possible."
Elizabeth Malaska: All Be Your Mirror,Now through 6/16/2024 |  Seattle Art Museum, Seattle Art Museum,Museums,Downtown,"Rain likely. Mostly cloudy, with a high near 48. Southeast wind around 7 mph. Chance of precipitation is 70%. New rainfall amounts less than a tenth of an inch possible."
Joshua Bell Plays Elements Concerto,6/20/2024 through 6/22/2024 |  Benaroya Hall, Benaroya Hall,Music,Downtown,"Rain likely. Mostly cloudy, with a high near 48. Southeast wind around 7 mph. Chance of precipitation is 70%. New rainfall amounts less than a tenth of an inch possible."
"Together Again, Again!",5/31/2024 through 6/23/2024 |  Seattle Rep, Seattle Rep,Theatre,Queen Anne / Seattle Center,"Rain likely. Cloudy, with a high near 48. Southeast wind around 7 mph. Chance of precipitation is 70%. New rainfall amounts less than a tenth of an inch possible."
Lip Sync for Our Rights,6/22/2024 through 6/23/2024 |  Marion Oliver McCaw Hall, Marion Oliver McCaw Hall,Music,Queen Anne / Seattle Center,"Rain likely. Mostly cloudy. High near 48, with temperatures falling to around 46 in the afternoon. Southeast wind around 8 mph. Chance of precipitation is 70%. New rainfall amounts less than a tenth of an inch possible."
Company,6/23/2024 through 6/28/2024 |  The Paramount Theatre, The Paramount Theatre,Music,Downtown,"Sunny. High near 35, with temperatures falling to around 32 in the afternoon. Wind chill values as low as 11. West wind 5 to 12 mph."
2024 University of Washington MFA + MDes Thesis Exhibition,5/24/2024 through 6/30/2024 |  Henry Art Gallery, Henry Art Gallery,Museums,University District,"Rain likely. Mostly cloudy, with a high near 48. Southeast wind around 7 mph. Chance of precipitation is 70%. New rainfall amounts less than a tenth of an inch possible."
Spring Awakening,6/7/2024 through 6/30/2024 |  The 5th Avenue Theatre, The 5th Avenue Theatre,Theatre,Downtown,"Sunny, with a high near 34. Southwest wind 5 to 10 mph."
Girl From The North Country,6/25/2024 through 6/30/2024 |  The Paramount Theatre, The Paramount Theatre,Music,Downtown,"Sunny. High near 35, with temperatures falling to around 32 in the afternoon. Wind chill values as low as 11. West wind 5 to 12 mph."
Nordic Utopia: African Americans in the 20th Century,3/22/2024 through 7/21/2024 |  National Nordic Museum, National Nordic Museum,Museums,Fremont / Ballard,"Rain likely. Mostly cloudy. High near 48, with temperatures falling to around 46 in the afternoon. Southeast wind around 8 mph. Chance of precipitation is 70%. New rainfall amounts between a tenth and quarter of an inch possible."
Clue,7/9/2024 through 7/21/2024 |  The 5th Avenue Theatre, The 5th Avenue Theatre,Theatre,Downtown,"Sunny, with a high near 34. Southwest wind 5 to 10 mph."
"Be Water, My Friend: The Teachings Of Bruce Lee",Now through 7/28/2024 |  Wing Luke Museum, Wing Luke Museum,Museums,International District,"Rain likely. Cloudy, with a high near 48. Southeast wind around 7 mph. Chance of precipitation is 70%. New rainfall amounts less than a tenth of an inch possible."
Olivia Rodrigo,8/6/2024 through 8/7/2024 |  Climate Pledge Arena, Climate Pledge Arena,Music,Queen Anne / Seattle Center,"Rain likely. Mostly cloudy. High near 48, with temperatures falling to around 46 in the afternoon. Southeast wind around 8 mph. Chance of precipitation is 70%. New rainfall amounts less than a tenth of an inch possible."
Hidden Worlds: The Films of LAIKA,Now through 8/31/2024 |  MoPOP Museum of Pop Culture, MoPOP Museum of Pop Culture,Museums,Queen Anne / Seattle Center,"Rain likely. Mostly cloudy. High near 48, with temperatures falling to around 46 in the afternoon. Southeast wind around 8 mph. Chance of precipitation is 70%. New rainfall amounts less than a tenth of an inch possible."
Sound Check! The Music We Make,Now through 9/14/2024 |  Wing Luke Museum, Wing Luke Museum,Museums,International District,"Rain likely. Cloudy, with a high near 48. Southeast wind around 7 mph. Chance of precipitation is 70%. New rainfall amounts less than a tenth of an inch possible."
Raul de Nieves,Now through 9/30/2024 |  Henry Art Gallery, Henry Art Gallery,Museums,University District,"Rain likely. Mostly cloudy, with a high near 48. Southeast wind around 7 mph. Chance of precipitation is 70%. New rainfall amounts less than a tenth of an inch possible."
Frye Salon,Now through 10/27/2024 |  Frye Art Museum, Frye Art Museum,Museums,Capitol Hill / Central District,"Rain likely. Cloudy, with a high near 48. Southeast wind around 7 mph. Chance of precipitation is 70%. New rainfall amounts less than a tenth of an inch possible."
On Native Land: Landscapes from the Haub Family Collection,Now through 11/17/2024 |  Tacoma Art Museum, Tacoma Art Museum,Museums,South,"Rain likely. Mostly cloudy, with a high near 50. South southeast wind around 7 mph. Chance of precipitation is 60%. New rainfall amounts less than a tenth of an inch possible."
Washi Transformed New Expressions in Japanese Paper,2/2/2024 through 4/26/2026 |  Bellevue Arts Museum, Bellevue Arts Museum,Museums,Bellevue / Eastside,No forecast available
Explore The Market,Ongoing |  Pike Place Market, Pike Place Market,Festivals & Special Events,Downtown,"Rain likely. Mostly cloudy, with a high near 48. Southeast wind around 7 mph. Chance of precipitation is 70%. New rainfall amounts less than a tenth of an inch possible."
Olympic Sculpture Park,Ongoing |  Olympic Sculpture Park, Olympic Sculpture Park,Visual Arts & Galleries,Downtown,"Rain likely. Mostly cloudy. High near 48, with temperatures falling to around 46 in the afternoon. Southeast wind around 8 mph. Chance of precipitation is 70%. New rainfall amounts less than a tenth of an inch possible."
Infinite Worlds of Science Fiction,Ongoing |  MoPOP Museum of Pop Culture, MoPOP Museum of Pop Culture,Museums,Queen Anne / Seattle Center,"Rain likely. Mostly cloudy. High near 48, with temperatures falling to around 46 in the afternoon. Southeast wind around 8 mph. Chance of precipitation is 70%. New rainfall amounts less than a tenth of an inch possible."
"Wild Blue Angel: Hendrix Abroad, 1966-70",Ongoing |  MoPOP Museum of Pop Culture, MoPOP Museum of Pop Culture,Museums,Queen Anne / Seattle Center,"Rain likely. Mostly cloudy. High near 48, with temperatures falling to around 46 in the afternoon. Southeast wind around 8 mph. Chance of precipitation is 70%. New rainfall amounts less than a tenth of an inch possible."
John Grade: Middle Fork,Ongoing |  Seattle Art Museum, Seattle Art Museum,Museums,Downtown,"Rain likely. Mostly cloudy, with a high near 48. Southeast wind around 7 mph. Chance of precipitation is 70%. New rainfall amounts less than a tenth of an inch possible."
Scared to Death: The Thrill of Horror Film,Ongoing |  MoPOP Museum of Pop Culture, MoPOP Museum of Pop Culture,Museums,Queen Anne / Seattle Center,"Rain likely. Mostly cloudy. High near 48, with temperatures falling to around 46 in the afternoon. Southeast wind around 8 mph. Chance of precipitation is 70%. New rainfall amounts less than a tenth of an inch possible."
Nirvana: Taking Punk To the Masses,Ongoing |  MoPOP Museum of Pop Culture, MoPOP Museum of Pop Culture,Museums,Queen Anne / Seattle Center,"Rain likely. Mostly cloudy. High near 48, with temperatures falling to around 46 in the afternoon. Southeast wind around 8 mph. Chance of precipitation is 70%. New rainfall amounts less than a tenth of an inch possible."
Vietnam Divided: War Above Southeast Asia,Ongoing |  The Museum of Flight, The Museum of Flight,Museums,South Seattle,"Rain showers. Cloudy, with a high near 52. Southeast wind 10 to 15 mph, with gusts as high as 25 mph. Chance of precipitation is 100%. New rainfall amounts between 1 and 2 inches possible."
Science Fiction and Fantasy Hall of Fame,Ongoing |  MoPOP Museum of Pop Culture, MoPOP Museum of Pop Culture,Museums,Queen Anne / Seattle Center,"Rain likely. Mostly cloudy. High near 48, with temperatures falling to around 46 in the afternoon. Southeast wind around 8 mph. Chance of precipitation is 70%. New rainfall amounts less than a tenth of an inch possible."
Cambodian Cultural Museum and Killing Fields Memorial,Ongoing |  Wing Luke Museum, Wing Luke Museum,Museums,International District,"Rain likely. Cloudy, with a high near 48. Southeast wind around 7 mph. Chance of precipitation is 70%. New rainfall amounts less than a tenth of an inch possible."
Honoring Our Journey,Ongoing |  Wing Luke Museum, Wing Luke Museum,Museums,International District,"Rain likely. Cloudy, with a high near 48. Southeast wind around 7 mph. Chance of precipitation is 70%. New rainfall amounts less than a tenth of an inch possible."
Spotlight on Dale Chihuly: Works from Museum of Glass Permanent Collection,Ongoing |  Museum of Glass, Museum of Glass,Museums,South,"Rain likely. Mostly cloudy, with a high near 50. South southeast wind around 7 mph. Chance of precipitation is 60%. New rainfall amounts less than a tenth of an inch possible."
Great Hall of Washington History,Ongoing |  Washington State History Museum, Washington State History Museum,Museums,South,"Rain likely. Mostly cloudy, with a high near 50. South southeast wind around 7 mph. Chance of precipitation is 60%. New rainfall amounts less than a tenth of an inch possible."
Humboldt Penguin Exhibit,Ongoing |  Woodland Park Zoo, Woodland Park Zoo,Museums,Wallingford / Greenlake,"Rain likely. Mostly cloudy. High near 48, with temperatures falling to around 46 in the afternoon. East southeast wind around 7 mph. Chance of precipitation is 70%. New rainfall amounts between a tenth and quarter of an inch possible."
Giant Pacific Octopus,Ongoing |  Seattle Aquarium, Seattle Aquarium,Museums,Downtown,"Rain likely. Mostly cloudy, with a high near 48. Southeast wind around 7 mph. Chance of precipitation is 70%. New rainfall amounts less than a tenth of an inch possible."
Meet our Marine Mammals,Ongoing |  Seattle Aquarium, Seattle Aquarium,Museums,Downtown,"Rain likely. Mostly cloudy, with a high near 48. Southeast wind around 7 mph. Chance of precipitation is 70%. New rainfall amounts less than a tenth of an inch possible."
Window on Washington Waters,Ongoing |  Seattle Aquarium, Seattle Aquarium,Museums,Downtown,"Rain likely. Mostly cloudy, with a high near 48. Southeast wind around 7 mph. Chance of precipitation is 70%. New rainfall amounts less than a tenth of an inch possible."
Guitar Gallery,Ongoing |  MoPOP Museum of Pop Culture, MoPOP Museum of Pop Culture,Museums,Queen Anne / Seattle Center,"Rain likely. Mostly cloudy. High near 48, with temperatures falling to around 46 in the afternoon. Southeast wind around 8 mph. Chance of precipitation is 70%. New rainfall amounts less than a tenth of an inch possible."
Nordic Journeys,Ongoing |  National Nordic Museum, National Nordic Museum,Museums,Fremont / Ballard,"Rain likely. Mostly cloudy. High near 48, with temperatures falling to around 46 in the afternoon. Southeast wind around 8 mph. Chance of precipitation is 70%. New rainfall amounts between a tenth and quarter of an inch possible."
Baird’s beaked whale,Ongoing |  Burke Museum, Burke Museum,Museums,University District,"Rain likely. Mostly cloudy, with a high near 48. Southeast wind around 7 mph. Chance of precipitation is 70%. New rainfall amounts less than a tenth of an inch possible."
Amazing Life,Ongoing |  Burke Museum, Burke Museum,Museums,University District,"Rain likely. Mostly cloudy, with a high near 48. Southeast wind around 7 mph. Chance of precipitation is 70%. New rainfall amounts less than a tenth of an inch possible."
Culture is Living,Ongoing |  Burke Museum, Burke Museum,Museums,University District,"Rain likely. Mostly cloudy, with a high near 48. Southeast wind around 7 mph. Chance of precipitation is 70%. New rainfall amounts less than a tenth of an inch possible."
Fossils Uncovered,Ongoing |  Burke Museum, Burke Museum,Museums,University District,"Rain likely. Mostly cloudy, with a high near 48. Southeast wind around 7 mph. Chance of precipitation is 70%. New rainfall amounts less than a tenth of an inch possible."
Northwest Native Art,Ongoing |  Burke Museum, Burke Museum,Museums,University District,"Rain likely. Mostly cloudy, with a high near 48. Southeast wind around 7 mph. Chance of precipitation is 70%. New rainfall amounts less than a tenth of an inch possible."
Our Material World,Ongoing |  Burke Museum, Burke Museum,Museums,University District,"Rain likely. Mostly cloudy, with a high near 48. Southeast wind around 7 mph. Chance of precipitation is 70%. New rainfall amounts less than a tenth of an inch possible."
Apollo,Ongoing |  The Museum of Flight, The Museum of Flight,Museums,South Seattle,"Rain showers. Cloudy, with a high near 52. Southeast wind 10 to 15 mph, with gusts as high as 25 mph. Chance of precipitation is 100%. New rainfall amounts between 1 and 2 inches possible."
Art and Life Along the Northwest Coast,Ongoing |  Seattle Art Museum, Seattle Art Museum,Museums,Downtown,"Rain likely. Mostly cloudy, with a high near 48. Southeast wind around 7 mph. Chance of precipitation is 70%. New rainfall amounts less than a tenth of an inch possible."
Washington: My Home,Ongoing |  Washington State History Museum, Washington State History Museum,Museums,South,"Rain likely. Mostly cloudy, with a high near 50. South southeast wind around 7 mph. Chance of precipitation is 60%. New rainfall amounts less than a tenth of an inch possible."
Sensory-Friendly Programs,Ongoing |  MoPOP Museum of Pop Culture, MoPOP Museum of Pop Culture,Festivals & Special Events,Queen Anne / Seattle Center,"Rain likely. Mostly cloudy. High near 48, with temperatures falling to around 46 in the afternoon. Southeast wind around 8 mph. Chance of precipitation is 70%. New rainfall amounts less than a tenth of an inch possible."
Dale Chihuly at Tacoma Art Museum,Ongoing |  Tacoma Art Museum, Tacoma Art Museum,Museums,South,"Rain likely. Mostly cloudy, with a high near 50. South southeast wind around 7 mph. Chance of precipitation is 60%. New rainfall amounts less than a tenth of an inch possible."
Be/longing: Contemporary Asian Art,Ongoing |  Seattle Asian Art Museum, Seattle Asian Art Museum,Museums,Capitol Hill / Central District,"Rain likely. Cloudy, with a high near 47. Southeast wind around 7 mph. Chance of precipitation is 70%. New rainfall amounts less than a tenth of an inch possible."
Porcelain Room,Ongoing |  Seattle Art Museum, Seattle Art Museum,Museums,Downtown,"Rain likely. Mostly cloudy, with a high near 48. Southeast wind around 7 mph. Chance of precipitation is 70%. New rainfall amounts less than a tenth of an inch possible."
Life on the Edge,Ongoing |  Seattle Aquarium, Seattle Aquarium,Museums,Downtown,"Rain likely. Mostly cloudy, with a high near 48. Southeast wind around 7 mph. Chance of precipitation is 70%. New rainfall amounts less than a tenth of an inch possible."
Tropical Pacific,Ongoing |  Seattle Aquarium, Seattle Aquarium,Museums,Downtown,"Rain likely. Mostly cloudy, with a high near 48. Southeast wind around 7 mph. Chance of precipitation is 70%. New rainfall amounts less than a tenth of an inch possible."
Underwater Dome,Ongoing |  Seattle Aquarium, Seattle Aquarium,Museums,Downtown,"Rain likely. Mostly cloudy, with a high near 48. Southeast wind around 7 mph. Chance of precipitation is 70%. New rainfall amounts less than a tenth of an inch possible."
Meet the Animals,Ongoing |  Woodland Park Zoo, Woodland Park Zoo,Museums,Wallingford / Greenlake,"Rain likely. Mostly cloudy. High near 48, with temperatures falling to around 46 in the afternoon. East southeast wind around 7 mph. Chance of precipitation is 70%. New rainfall amounts between a tenth and quarter of an inch possible."
Chihuly Garden and Glass,Ongoing |  Chihuly Garden and Glass, Chihuly Garden and Glass,Museums,Queen Anne / Seattle Center,"Rain likely. Mostly cloudy. High near 48, with temperatures falling to around 46 in the afternoon. Southeast wind around 8 mph. Chance of precipitation is 70%. New rainfall amounts less than a tenth of an inch possible."
Discover Ancient Coast Salish Culture,Ongoing |  Hibulb Cultural Center, Hibulb Cultural Center,Museums,North,"Rain likely. Mostly cloudy. High near 50, with temperatures falling to around 48 in the afternoon. Southeast wind around 8 mph. Chance of precipitation is 70%. New rainfall amounts less than a tenth of an inch possible."
Savor Seattle Signature Tour: Pike Place Market,Ongoing |  Pike Place Market, Pike Place Market,Tours & Attractions,Downtown,"Rain likely. Mostly cloudy, with a high near 48. Southeast wind around 7 mph. Chance of precipitation is 70%. New rainfall amounts less than a tenth of an inch possible."
Untold Stories: World War II at 75,Ongoing |  The Museum of Flight, The Museum of Flight,Museums,South Seattle,"Rain showers. Cloudy, with a high near 52. Southeast wind 10 to 15 mph, with gusts as high as 25 mph. Chance of precipitation is 100%. New rainfall amounts between 1 and 2 inches possible."
Bezos Center for Innovation,Ongoing |  Museum of History & Industry, Museum of History & Industry,Museums,Queen Anne / Seattle Center,No forecast available
Maritime Seattle,Ongoing |  Museum of History & Industry, Museum of History & Industry,Museums,Queen Anne / Seattle Center,No forecast available
True Northwest: The Seattle Journey,Ongoing |  Museum of History & Industry, Museum of History & Industry,Museums,Queen Anne / Seattle Center,No forecast available
Metaphor into Form: Art in the Era of the Pilchuck Glass School,Ongoing |  Tacoma Art Museum, Tacoma Art Museum,Museums,South,"Rain likely. Mostly cloudy, with a high near 50. South southeast wind around 7 mph. Chance of precipitation is 60%. New rainfall amounts less than a tenth of an inch possible."
Winter in the West,Ongoing |  Tacoma Art Museum, Tacoma Art Museum,Museums,South,"Rain likely. Mostly cloudy, with a high near 50. South southeast wind around 7 mph. Chance of precipitation is 60%. New rainfall amounts less than a tenth of an inch possible."
Ballard Farmers Market – Sunday,Ongoing |  Ballard Farmers Market, Ballard Farmers Market,Festivals & Special Events,Fremont / Ballard,Location not found
Capitol Hill Farmers Market – Sunday,Ongoing |  Capitol Hill Farmers Market, Capitol Hill Farmers Market,Festivals & Special Events,Capitol Hill / Central District,"Rain likely. Cloudy, with a high near 47. Southeast wind around 7 mph. Chance of precipitation is 70%. New rainfall amounts less than a tenth of an inch possible."
University District Farmers Market,Ongoing |  University District Farmers Market, University District Farmers Market,Festivals & Special Events,University District,"Rain likely. Mostly cloudy. High near 48, with temperatures falling to around 46 in the afternoon. East southeast wind around 7 mph. Chance of precipitation is 70%. New rainfall amounts less than a tenth of an inch possible."
Fremont Sunday Market,Ongoing |  Fremont Farmers Market, Fremont Farmers Market,Festivals & Special Events,Fremont / Ballard,"Rain likely. Mostly cloudy. High near 48, with temperatures falling to around 46 in the afternoon. East southeast wind around 7 mph. Chance of precipitation is 70%. New rainfall amounts between a tenth and quarter of an inch possible."
Chihuly Garden and Glass Gallery Talks & Tours,Ongoing |  Chihuly Garden and Glass, Chihuly Garden and Glass,Tours & Attractions,Queen Anne / Seattle Center,"Rain likely. Mostly cloudy. High near 48, with temperatures falling to around 46 in the afternoon. Southeast wind around 8 mph. Chance of precipitation is 70%. New rainfall amounts less than a tenth of an inch possible."
Boundless: Stories of Asian Art,Ongoing |  Seattle Asian Art Museum, Seattle Asian Art Museum,Museums,Capitol Hill / Central District,"Rain likely. Cloudy, with a high near 47. Southeast wind around 7 mph. Chance of precipitation is 70%. New rainfall amounts less than a tenth of an inch possible."
Kenzan Tsutakawa-Chinn: Gather,Ongoing |  Seattle Asian Art Museum, Seattle Asian Art Museum,Museums,Capitol Hill / Central District,"Rain likely. Cloudy, with a high near 47. Southeast wind around 7 mph. Chance of precipitation is 70%. New rainfall amounts less than a tenth of an inch possible."
Art Walk Edmonds | Every Third Thursday,Ongoing |  Cascadia Art Museum, Cascadia Art Museum,Visual Arts & Galleries,North,"Rain likely. Mostly cloudy. High near 48, with temperatures falling to around 46 in the afternoon. Southeast wind around 8 mph. Chance of precipitation is 70%. New rainfall amounts between a tenth and quarter of an inch possible."
Rise Up: Stonewall and the LGBTQ Rights Movement,Ongoing |  MoPOP Museum of Pop Culture, MoPOP Museum of Pop Culture,Museums,Queen Anne / Seattle Center,"Rain likely. Mostly cloudy. High near 48, with temperatures falling to around 46 in the afternoon. Southeast wind around 8 mph. Chance of precipitation is 70%. New rainfall amounts less than a tenth of an inch possible."
Show Me Seattle Tours,"Ongoing |  Seattle, WA"," Seattle, WA",Tours & Attractions,Downtown,"Rain likely. Cloudy, with a high near 48. Southeast wind around 7 mph. Chance of precipitation is 70%. New rainfall amounts less than a tenth of an inch possible."
LeMay – America’s Car Museum,Ongoing |  LeMay - America's Car Museum, LeMay - America's Car Museum,Museums,South,"Rain likely. Mostly cloudy. High near 49, with temperatures falling to around 47 in the afternoon. South southeast wind around 8 mph. Chance of precipitation is 60%. New rainfall amounts less than a tenth of an inch possible."
History Link Tours,"Ongoing |  Seattle, WA"," Seattle, WA",Tours & Attractions,Downtown,"Rain likely. Cloudy, with a high near 48. Southeast wind around 7 mph. Chance of precipitation is 70%. New rainfall amounts less than a tenth of an inch possible."
West Seattle Farmers Market – Sundays,Ongoing |  West Seattle Farmers Market, West Seattle Farmers Market,Festivals & Special Events,West Seattle,"Rain likely. Mostly cloudy. High near 48, with temperatures falling to around 46 in the afternoon. Southeast wind around 8 mph. Chance of precipitation is 70%. New rainfall amounts between a tenth and quarter of an inch possible."
REMEMBRANCE: The Legacy of Executive Order 9066 in Washington State,Ongoing |  Washington State History Museum, Washington State History Museum,Museums,South,"Rain likely. Mostly cloudy, with a high near 50. South southeast wind around 7 mph. Chance of precipitation is 60%. New rainfall amounts less than a tenth of an inch possible."
Pioneer Square First Thursday Art Walk,Ongoing |  Pioneer Square, Pioneer Square,Visual Arts & Galleries,Pioneer Square,"Rain likely. Cloudy. High near 44, with temperatures falling to around 42 in the afternoon. East southeast wind around 7 mph. Chance of precipitation is 60%. New rainfall amounts between a tenth and quarter of an inch possible."
Deities and Demons: Supernatural in Japanese Art,Ongoing |  Seattle Art Museum, Seattle Art Museum,Museums,Downtown,"Rain likely. Mostly cloudy, with a high near 48. Southeast wind around 7 mph. Chance of precipitation is 70%. New rainfall amounts less than a tenth of an inch possible."
American Art: The Stories We Carry,Ongoing |  Seattle Art Museum, Seattle Art Museum,Museums,Downtown,"Rain likely. Mostly cloudy, with a high near 48. Southeast wind around 7 mph. Chance of precipitation is 70%. New rainfall amounts less than a tenth of an inch possible."
Pacific Species,Ongoing |  Seattle Art Museum, Seattle Art Museum,Museums,Downtown,"Rain likely. Mostly cloudy, with a high near 48. Southeast wind around 7 mph. Chance of precipitation is 70%. New rainfall amounts less than a tenth of an inch possible."
Reverberations: Contemporary Art and Modern Classics,Ongoing |  Seattle Art Museum, Seattle Art Museum,Museums,Downtown,"Rain likely. Mostly cloudy, with a high near 48. Southeast wind around 7 mph. Chance of precipitation is 70%. New rainfall amounts less than a tenth of an inch possible."
75 Years of Porsche,Ongoing |  LeMay - America's Car Museum, LeMay - America's Car Museum,Museums,South,"Rain likely. Mostly cloudy. High near 49, with temperatures falling to around 47 in the afternoon. South southeast wind around 8 mph. Chance of precipitation is 60%. New rainfall amounts less than a tenth of an inch possible."
Manazma Sheen,Ongoing |  Sea Monster Lounge, Sea Monster Lounge,Music,Wallingford / Greenlake,"Rain likely. Mostly cloudy. High near 48, with temperatures falling to around 46 in the afternoon. East southeast wind around 7 mph. Chance of precipitation is 70%. New rainfall amounts between a tenth and quarter of an inch possible."
